price,sqft,Bedrooms,Baths,Age,Occupancy,Pool,Fireplace,Waterfront,DOM
226000,3368,4,2,1,1,No,1,0,135
105800,2786,3,2,25,1,No,0,0,23
209100,3456,4,3,1,2,No,0,0,173
120000,2222,4,2,35,2,No,0,0,150
163500,2517,4,2,8,1,No,1,0,15
258000,4020,4,3,13,1,No,1,0,114
119900,1152,2,1,45,2,No,0,0,17
121300,1977,3,2,1,2,No,0,0,133
120000,3329,3,2,35,1,No,0,0,9
123400,2446,3,2,45,1,No,0,0,70
,1714,3,2,13,1,No,1,0,9
154000,3250,3,2,25,2,No,1,0,34
68000,1342,3,1,35,2,No,0,0,380
141000,2703,3,2,25,1,No,1,0,39
60000,1336,3,1,35,2,No,0,0,42
121900,2200,3,2,25,1,No,1,0,26
135000,2135,3,2,25,2,No,1,0,46
118500,2550,4,2,35,1,No,0,0,124
,2156,3,2,25,1,No,1,0,19
138900,2083,3,2,8,1,No,1,0,61
85000,1379,3,1,45,3,No,0,0,91
64500,1243,2,2,25,2,No,1,0,20
230000,3168,4,2,8,1,No,0,0,30
300000,3611,5,3,1,2,No,1,0,294
154000,2235,4,2,5,1,No,1,0,18
143000,2136,3,2,8,1,No,1,0,103
31900,1993,3,2,80,2,No,0,0,18
124900,1921,3,2,1,2,No,1,0,155
104000,2095,3,2,25,1,No,1,0,3
245500,3953,4,2,2,1,No,1,0,127
126000,1367,3,2,5,1,No,1,0,148
277900,3840,4,2,1,2,No,1,0,11
617000,5673,4,4,25,1,Yes,1,1,46
85000,1300,3,1,25,1,No,0,0,199
236000,2537,3,2,2,1,No,1,1,161
,3476,4,2,25,1,No,1,0,14
109900,1858,3,2,25,2,No,1,0,349
103000,2447,3,2,35,2,No,1,0,92
183500,3810,4,3,35,1,No,0,0,3
146000,3947,4,2,25,1,Yes,1,0,105
137500,1937,3,2,2,1,No,1,0,25
98500,2296,3,2,35,3,No,0,0,60
113000,1696,3,2,2,1,No,1,0,20
146715,2467,3,2,1,2,No,0,0,0
102000,2783,2,2,18,1,No,1,0,50
139900,2000,3,2,1,2,No,1,1,333
143000,1613,3,2,8,1,No,1,0,31
103000,2246,3,2,25,2,No,1,0,9
125000,1912,3,2,45,1,No,0,0,8
130000,1980,3,2,2,2,No,0,0,460
127000,2011,3,2,25,1,No,1,0,18
235500,2970,4,2,13,1,No,1,0,21
140000,2238,3,2,18,1,No,1,0,3
62241,1615,3,2,25,2,No,0,0,2
95900,1088,2,1,18,3,No,0,0,79
60000,876,3,1,45,2,No,0,0,46
152400,2842,4,2,1,2,No,0,0,97
165000,1965,3,2,63,2,Yes,0,0,210
204000,3222,4,2,8,2,No,1,0,74
72500,1582,3,1,35,1,No,0,0,34
127000,2412,3,2,25,2,No,1,0,27
40101,850,2,1,63,2,No,0,0,4
66000,1589,3,2,25,2,No,0,0,11
75000,915,3,1,25,2,Yes,0,0,134
83500,1442,3,2,8,2,No,0,0,26
164900,1600,3,3,2,3,Yes,0,0,5
338500,3777,4,3,1,2,No,1,0,95
430000,4625,5,3,5,1,No,1,0,11
124000,2989,3,2,45,1,No,0,0,50
344900,3990,4,2,13,1,No,1,0,3
299900,2982,3,3,2,1,No,1,0,7
177500,3020,3,2,13,1,No,1,0,48
87500,1463,4,2,25,3,No,1,0,25
148900,2171,4,2,35,2,No,1,0,49
210000,4046,3,3,35,1,No,0,0,185
167000,2329,4,2,2,1,No,1,0,23
285500,3670,4,3,13,1,Yes,1,0,13
74000,1200,2,2,18,1,No,1,0,95
216000,2847,4,3,1,2,No,1,0,123
290000,3125,4,2,8,2,No,1,0,153
74900,1710,3,3,45,2,No,0,0,7
165000,3251,3,2,2,1,No,0,0,5
95000,2041,3,2,45,3,No,0,0,42
186900,2678,3,2,8,1,No,1,0,44
140000,1976,2,2,2,2,No,1,1,27
118000,1933,3,2,2,1,No,0,0,15
144500,2026,3,2,5,1,No,0,0,0
160000,1400,2,2,1,2,No,0,1,106
163600,2717,4,2,1,2,No,0,0,0
121000,1517,4,2,63,1,Yes,0,0,1
58500,1562,2,1,35,2,No,0,0,83
240000,2505,4,2,8,1,No,1,0,15
114500,1874,3,2,8,1,No,1,0,48
177000,2353,4,2,18,2,Yes,1,0,49
369900,4834,4,4,1,2,No,1,0,400
192500,2681,3,2,8,1,No,1,1,56
205500,2947,4,3,1,1,No,0,1,60
110800,1937,3,2,1,2,No,0,0,184
146400,2444,3,2,8,1,No,1,0,42
62500,1763,3,1,45,2,No,0,0,17
173000,2532,4,2,63,2,No,0,0,1
89000,1358,3,2,18,2,No,0,0,39
143000,2452,3,2,18,1,No,1,0,7
119900,2457,4,2,25,1,No,0,0,8
84000,1631,4,2,5,2,No,0,0,36
130700,1924,3,2,1,2,No,1,0,159
120000,2056,3,1,63,1,No,1,0,100
40000,1494,4,1,18,2,No,0,0,26
150000,2000,3,1,80,3,No,0,0,0
149900,1310,2,2,1,3,Yes,0,0,0
174000,2768,4,2,2,1,No,1,0,16
152500,2010,3,2,1,2,No,1,1,35
122900,2570,3,2,13,1,Yes,0,0,7
114900,1805,3,2,2,1,No,0,0,57
120500,1977,3,2,2,1,No,1,0,43
249900,2949,4,3,2,1,No,1,1,27
160000,2766,3,2,63,1,No,0,0,89
135000,3029,3,2,25,1,No,1,0,56
116500,1742,2,1,63,3,No,1,0,17
182500,3171,4,2,18,1,No,1,0,216
102800,1670,3,2,1,2,No,0,0,0
52500,1425,2,1,35,1,No,0,0,28
119637,2830,4,2,35,2,No,0,0,36
180221,2816,4,3,1,2,No,0,0,0
162900,2010,3,2,1,2,No,0,0,2
158000,2376,3,2,1,2,No,1,0,34
172500,1472,3,2,63,2,No,1,0,16
162750,3657,4,2,8,2,No,1,0,7
113700,2016,3,2,5,1,No,0,0,5
95000,1741,3,2,2,2,No,0,0,175
92000,1350,3,2,8,2,No,1,0,74
111000,1487,3,2,13,2,No,1,0,55
94900,1088,2,1,18,3,No,0,0,15
125000,3096,4,2,18,2,No,1,0,28
53000,1139,2,1,45,2,No,0,0,31
95700,1485,3,2,25,2,No,1,0,89
115900,2554,3,2,45,1,No,1,0,162
295000,3731,4,3,18,1,No,1,1,77
225000,2450,3,2,8,1,No,1,0,80
122000,2315,3,2,13,2,No,1,0,21
120000,1438,2,1,45,1,No,0,0,30
119400,1996,3,2,18,1,No,1,0,17
132000,2616,3,2,45,1,No,0,0,97
239900,2825,4,3,2,1,No,1,0,116
137500,1965,3,2,25,1,No,1,0,11
99000,1491,3,2,2,1,No,0,0,34
336000,4133,4,3,13,1,No,1,1,57
126000,1931,4,2,25,2,No,0,0,33
170000,2076,4,3,13,1,No,0,0,107
128000,1958,3,2,2,1,No,1,0,49
226900,2879,3,2,1,2,No,1,0,88
125000,1520,2,2,18,1,No,0,0,33
113857,2057,3,2,25,1,No,1,0,104
50000,2191,3,1,45,2,No,0,0,32
171500,2216,3,2,5,1,No,1,0,11
99000,1467,3,2,18,1,No,1,0,78
382000,3942,5,4,5,2,No,1,1,50
142500,2171,3,2,2,1,No,1,0,33
114900,1918,3,2,2,1,No,0,0,49
82000,1256,3,2,8,1,No,0,0,4
229900,3060,4,3,2,1,No,1,0,199
95000,2332,3,2,8,2,No,0,0,37
155536,2348,3,2,2,1,No,1,0,44
84000,1040,3,2,5,1,No,0,0,87
144500,2122,4,2,2,1,No,0,0,110
125000,1882,3,2,5,2,No,1,0,77
160000,2410,3,2,2,3,No,0,0,72
59000,1744,4,2,25,3,No,0,0,28
155615,2842,4,2,1,2,No,0,0,80
40001,2334,2,1,35,2,No,0,0,92
96000,1582,3,2,8,2,No,1,0,31
260000,3052,3,2,8,1,No,1,1,33
290000,1844,4,2,35,1,No,0,1,728
675000,5858,4,3,8,2,No,1,1,157
118000,2454,3,2,18,1,No,1,0,12
335000,3060,3,2,45,1,No,0,0,7
152500,1765,3,2,25,2,No,0,0,15
131000,2330,3,2,8,1,No,1,0,262
124900,2272,3,2,35,2,No,1,0,34
95900,1088,2,1,18,3,No,0,0,18
62500,1440,2,2,25,3,No,1,0,113
142900,1992,3,2,8,1,No,1,0,70
114900,3195,3,2,25,2,Yes,1,0,63
114500,2103,3,2,2,2,No,1,0,18
141900,2082,3,2,1,2,No,0,0,237
1575000,7897,4,4,1,1,Yes,1,1,7
138000,2481,3,2,35,1,No,0,0,55
130000,2468,3,2,25,1,No,1,0,30
126500,1954,4,2,1,2,No,0,1,139
82500,2277,4,2,35,2,No,1,0,22
206500,2132,3,2,13,1,No,1,0,60
79900,1511,3,1,25,1,No,0,0,6
120500,2055,3,2,25,2,No,0,0,38
137900,3150,4,2,25,1,No,1,0,33
87000,1377,3,2,63,2,No,0,0,15
176900,1833,3,2,1,2,No,0,1,319
136900,2418,4,2,1,2,No,0,0,36
102500,1800,3,2,25,2,No,0,0,35
95900,1088,2,1,18,3,No,0,0,2
177500,2636,3,2,8,1,No,1,0,8
34000,662,2,1,25,2,No,0,1,323
255000,3074,3,2,8,1,No,0,1,14
60000,1163,2,1,25,1,No,0,0,6
142500,2212,3,2,5,1,No,1,0,56
168000,1601,3,2,1,2,No,1,0,168
107900,1707,3,2,2,1,No,1,0,6
445500,4559,4,4,1,2,No,1,1,38
87000,1059,2,2,18,3,Yes,1,0,20
64000,1811,3,2,8,2,No,0,0,15
95900,1088,2,1,18,3,No,0,0,6
30000,1241,3,1,45,2,No,0,0,28
31000,1590,3,1,45,3,No,1,0,171
150900,1949,3,2,1,2,No,1,0,0
98300,1887,3,2,45,2,No,0,0,35
169900,2667,3,2,1,2,No,1,1,108
248900,3206,4,2,13,1,No,1,0,101
206000,2342,3,2,2,2,No,1,0,27
392250,3535,4,3,2,1,No,1,0,147
226900,3498,3,2,2,1,No,1,0,157
116000,2303,3,2,25,1,No,1,0,44
43500,1363,2,1,63,2,No,0,0,161
56000,1495,2,2,25,2,No,1,0,14
100000,1453,3,2,18,1,No,0,0,8
219000,4805,4,2,25,1,Yes,1,1,59
112900,1272,3,2,5,1,No,0,0,9
165330,2459,3,2,1,2,No,0,0,0
70500,1376,3,1,35,2,No,0,0,139
245000,3002,4,4,5,1,No,1,0,109
122570,2853,5,3,25,1,No,1,0,34
130900,2062,3,2,5,1,Yes,1,1,18
112400,2388,3,2,45,1,No,0,0,58
95900,1088,2,1,18,3,No,0,0,30
98900,1228,2,2,25,2,No,1,0,135
95900,1088,2,1,18,2,No,0,0,17
74900,1734,2,2,18,1,No,1,0,10
90000,1628,2,1,25,1,No,0,0,149
182000,2911,3,2,2,1,No,1,0,157
66000,741,1,1,18,2,Yes,0,0,23
135000,2379,3,2,63,1,No,0,0,219
95900,1088,2,1,18,3,No,0,0,20
65500,1277,3,2,5,2,No,0,0,21
175000,2725,3,2,5,2,No,1,1,628
95900,1088,2,1,18,3,No,0,0,26
142000,2545,3,2,35,1,No,0,0,92
136900,2240,4,2,5,1,No,1,0,91
60150,1210,2,2,18,2,No,1,0,216
184300,3013,4,2,25,1,No,1,0,122
128600,2182,3,2,1,2,No,0,0,64
148000,3027,3,2,45,1,No,1,0,79
130500,2910,3,2,45,2,No,0,0,45
59895,1865,3,2,25,2,No,0,0,65
135000,1277,1,1,63,1,No,0,0,140
147000,2236,3,2,1,1,No,1,0,9
65000,1450,3,1,35,1,No,0,0,13
82551,2561,4,2,63,2,No,0,0,14
75400,1088,2,1,18,2,No,1,0,108
159000,1918,3,2,80,2,No,0,0,0
280544,3405,5,3,1,2,No,0,0,131
136200,2418,4,2,1,2,No,0,0,0
93700,2069,3,2,25,1,No,1,0,77
152500,1320,2,2,2,1,No,0,0,11
280000,3983,4,3,5,1,No,1,1,89
252900,2977,3,2,1,2,No,1,0,276
123800,2105,3,2,1,2,No,0,0,212
94900,1088,2,1,18,2,No,0,0,14
76000,1178,3,1,35,2,No,0,0,44
265000,4688,4,3,63,2,No,1,0,139
230777,2400,2,1,45,1,No,1,0,10
479900,4281,4,3,1,2,No,1,0,121
121000,1952,3,2,8,1,No,1,0,68
94900,1088,2,1,18,3,No,0,0,10
127800,2131,3,2,5,1,No,1,0,11
144500,1548,3,2,8,2,No,1,0,18
180000,3993,4,2,25,1,No,1,0,114
89900,1712,2,2,18,1,No,1,0,44
22654,1080,2,1,63,2,No,0,0,8
138500,1500,3,2,35,2,No,0,0,10
257000,3415,4,3,2,1,No,1,0,16
129000,2701,3,2,35,2,No,0,0,6
150000,2562,3,2,18,3,No,1,0,123
185000,2097,3,2,13,1,No,1,1,44
94900,2466,3,2,35,1,No,0,0,21
442500,4925,4,2,25,1,Yes,1,0,15
86000,1759,2,2,18,1,No,1,0,43
129900,2072,3,2,2,1,No,1,0,20
175000,3756,4,2,35,1,No,0,0,118
134000,2246,3,2,5,2,No,1,0,97
169900,3212,4,2,25,1,No,1,0,35
435000,3046,4,4,13,1,Yes,1,0,87
227500,3147,4,2,8,2,No,1,1,3
291000,3304,4,2,1,2,No,1,0,109
72500,1203,3,1,35,1,No,0,0,6
228900,4062,4,3,1,2,No,0,0,113
156000,2495,3,2,25,1,Yes,1,0,3
147000,2280,4,2,1,2,No,1,0,406
139900,4130,4,2,45,2,No,0,0,15
195000,3348,3,2,2,1,No,1,1,126
221000,3039,4,2,1,2,No,1,0,223
119500,2482,3,2,25,1,No,1,0,124
109500,1989,3,2,18,2,No,1,0,83
130000,1894,3,2,2,1,No,1,0,70
302000,4255,4,3,5,1,Yes,1,0,49
137800,2373,4,2,25,1,No,0,0,86
88500,1317,3,1,8,2,No,1,0,63
182500,3078,4,2,35,1,No,1,0,7
123200,2087,3,2,1,2,No,0,0,0
127000,1291,2,2,8,2,Yes,1,0,26
323000,4497,4,2,8,1,Yes,1,0,114
202500,2650,4,3,8,1,Yes,0,0,72
134900,2418,4,2,1,2,No,0,0,0
143900,2948,4,3,5,1,No,1,0,6
124000,1372,3,2,8,1,No,1,0,7
122000,1889,3,2,25,1,No,1,0,42
113000,2166,3,2,25,1,No,1,0,30
99000,1200,3,2,25,2,No,0,0,280
169900,2342,3,2,2,1,No,1,0,50
375500,3841,4,3,2,1,No,1,1,119
135500,2122,3,2,1,2,No,0,0,390
79900,2610,3,1,45,1,No,0,0,77
219900,3333,4,3,25,2,No,1,0,144
119600,1239,2,1,45,2,No,0,0,540
51900,1268,2,1,45,1,No,0,0,8
101500,1615,3,2,5,1,No,1,0,125
215000,4919,4,3,1,2,No,0,0,74
243900,2457,4,2,13,1,Yes,1,0,9
159900,3657,4,2,35,1,Yes,1,0,116
104600,2535,3,2,45,1,Yes,1,0,17
146000,2128,3,2,8,1,No,1,0,32
196900,2779,4,2,1,2,No,0,0,427
94900,1485,4,2,1,2,No,0,0,26
119900,2152,3,2,35,1,No,0,0,3
124600,1956,3,2,25,1,No,0,0,59
67500,1321,3,2,45,2,No,0,0,4
122000,3750,3,2,45,1,No,1,0,87
138000,2298,3,2,8,2,No,0,0,27
116000,1843,3,2,18,1,No,0,0,5
91500,1519,3,1,35,1,No,1,0,20
132000,1907,3,2,25,1,No,1,0,3
95000,2506,3,2,35,2,No,1,0,3
355000,4325,4,3,5,1,No,1,0,9
69000,1457,3,1,2,2,No,0,0,37
66000,1236,3,1,35,2,No,0,0,43
214000,1923,3,2,2,1,No,1,0,25
239900,3172,4,3,5,1,No,1,0,27
97900,1088,2,1,18,3,No,0,0,17
149000,2135,3,2,5,1,No,1,0,37
85000,2072,4,2,25,2,No,1,0,11
130000,1980,3,2,18,2,No,1,0,11
163000,2605,4,2,25,1,No,0,0,7
128000,2134,3,2,1,2,No,1,0,73
64900,1033,2,1,63,1,No,0,0,8
95900,1088,2,1,18,3,No,0,0,45
126600,2348,3,2,1,2,No,0,0,0
98500,1460,3,2,25,1,No,0,0,8
195500,2923,4,2,13,1,No,1,0,12
123808,3148,5,2,25,1,No,0,0,13
111900,1933,3,2,1,2,No,0,0,191
105900,1446,3,2,25,1,No,1,0,17
181600,3309,4,2,8,1,No,1,0,38
77900,1108,2,1,18,2,No,0,0,115
145000,2529,3,2,25,1,No,1,0,19
229900,2706,3,2,2,1,No,1,0,82
125000,5803,8,1,63,1,No,0,0,673
54000,1165,2,1,35,2,No,0,0,190
112900,1215,3,2,8,1,No,1,0,86
86000,1418,3,1,25,1,No,0,0,10
149900,2228,3,2,1,2,No,1,0,77
120000,1864,3,2,1,2,No,1,0,84
179900,3430,4,3,25,2,No,1,0,15
27000,1008,2,1,63,2,No,0,0,8
61000,1392,2,1,35,1,No,0,0,5
114000,1297,2,1,80,1,No,0,0,26
175000,2267,4,2,25,1,No,1,0,71
32500,1618,2,2,63,2,No,0,0,244
59900,2090,3,2,35,2,No,0,0,115
137000,2681,3,2,35,2,No,1,0,100
98350,1228,2,2,25,2,No,1,0,137
92000,1401,3,1,35,1,No,0,0,4
124900,1840,3,2,1,2,No,1,0,7
63000,1800,3,2,63,2,No,0,0,38
163000,2207,3,2,8,1,No,1,0,76
94900,1088,2,1,18,2,No,0,0,24
130400,1688,3,2,45,2,No,0,0,10
155000,1757,3,2,8,1,Yes,1,0,219
117000,1994,3,2,25,1,No,1,0,13
105000,1724,3,2,5,1,No,1,0,2
128500,1267,2,2,63,1,No,0,0,47
175000,2076,3,2,5,2,No,0,0,17
112900,2090,3,2,13,2,No,1,0,14
154000,2663,4,2,45,2,Yes,0,0,61
330000,3648,3,3,13,1,No,1,0,164
139300,2536,4,2,1,2,No,0,0,0
102000,2376,3,1,45,2,No,1,0,91
85000,1562,3,2,25,1,No,0,0,7
126000,1404,3,2,2,1,No,1,0,96
109000,2145,3,2,25,1,No,1,0,40
75000,915,3,1,25,2,Yes,0,0,291
197800,2926,4,2,1,2,No,1,0,52
175000,2445,3,2,63,1,No,1,0,9
224900,3555,3,2,25,2,No,1,0,16
135900,1425,3,2,18,2,No,1,0,0
222198,2394,4,2,1,2,No,1,0,324
142900,1668,3,2,18,2,No,1,0,6
122000,2044,3,2,2,1,No,1,0,147
75000,1303,2,1,45,2,No,0,0,329
153000,1668,3,2,8,1,No,1,0,74
374000,6203,7,4,25,1,Yes,1,0,28
139900,3573,4,2,13,2,No,0,0,30
155000,1400,2,2,1,2,No,0,1,106
134600,2418,4,2,1,2,No,0,0,0
114000,2879,3,2,25,1,Yes,0,0,25
156700,1722,3,2,1,2,No,0,1,22
172900,2348,3,2,45,1,No,1,0,0
93000,1963,3,1,45,2,No,0,0,40
160000,3303,5,3,25,1,No,1,0,65
575000,5956,5,4,8,1,Yes,1,1,5
195000,4110,4,2,25,1,No,0,0,32
80001,2291,3,2,25,2,No,1,0,7
68500,790,1,1,18,1,No,1,0,8
72000,1394,3,1,18,2,No,0,0,21
90000,2411,4,2,25,1,No,0,0,75
38300,1488,4,2,63,2,No,0,0,29
118000,2798,3,2,25,1,No,1,0,188
72500,1411,3,1,25,2,No,1,0,13
159900,2182,3,2,1,2,No,0,1,575
245900,2540,4,2,5,1,No,1,0,50
101850,2255,4,3,35,2,No,1,0,105
105000,2200,3,2,25,1,No,1,0,186
113000,2800,3,2,25,1,No,1,0,0
122900,2312,3,2,2,1,No,0,0,7
129500,2146,3,1,45,2,No,1,0,168
249900,2788,3,2,1,2,No,1,0,0
80000,2120,3,2,45,2,No,0,0,10
152400,2534,4,2,25,2,No,1,0,9
138800,2536,4,2,1,2,No,0,0,32
95900,1088,2,1,18,3,No,0,0,6
220000,2564,4,2,2,1,No,1,0,62
150000,2800,4,2,25,1,No,1,0,13
440000,4411,4,3,2,1,Yes,1,0,20
75200,975,2,2,18,2,No,0,0,106
130000,1296,3,2,18,3,No,1,0,60
110000,1120,2,1,18,2,No,0,1,7
143000,2331,2,2,25,1,No,1,0,86
132500,1296,3,2,18,2,No,0,0,1
287500,2087,3,2,63,1,No,1,0,4
288500,2660,3,2,35,1,No,0,0,6
129900,2348,3,2,1,2,No,0,0,3
140700,2205,3,2,1,2,No,1,0,257
82000,1396,3,2,35,1,No,0,0,27
70300,1380,3,2,8,1,No,0,0,10
196900,2779,4,2,1,2,No,0,0,71
153500,2441,3,2,8,2,No,1,0,118
114000,1744,3,2,8,1,No,1,0,72
134000,2692,3,2,35,1,Yes,0,0,57
130000,2353,3,2,13,2,No,1,0,77
134600,2418,4,2,1,2,No,0,0,0
109500,1970,3,2,5,1,No,0,0,11
332694,4988,4,2,18,1,Yes,1,0,9
113400,1960,3,2,1,2,No,0,0,218
875000,5390,4,4,2,1,No,1,0,155
89100,1917,3,2,18,2,No,1,0,52
105000,2070,2,1,13,2,No,0,0,36
63500,1488,3,2,25,3,No,0,0,330
30000,1305,3,1,35,2,No,0,0,209
73000,1790,3,1,45,2,No,0,0,57
150000,3182,4,2,45,1,Yes,1,0,374
125000,1879,3,2,13,1,No,1,0,72
104000,1488,3,1,63,1,No,0,0,93
45900,1801,3,1,35,2,No,0,0,72
207000,2870,3,2,13,1,No,1,0,32
151900,3624,3,2,25,1,No,1,0,322
152000,1588,4,2,5,2,No,0,0,0
41000,1296,2,1,45,1,No,0,0,23
114500,1933,3,2,1,2,No,0,0,21
92000,1001,2,2,25,1,No,0,0,96
150000,2248,3,2,80,1,No,0,0,247
119000,2113,3,2,25,1,Yes,1,0,16
170650,2536,3,2,1,2,No,1,1,137
98900,1956,3,1,35,1,No,1,0,34
69900,1837,3,1,63,2,No,0,0,126
275000,4681,4,4,25,1,Yes,1,0,53
182500,2500,3,2,5,1,No,1,0,52
126900,2623,3,2,25,1,No,0,0,22
66500,741,1,1,18,1,Yes,1,0,6
115495,2707,3,2,25,1,No,0,0,21
128000,2083,4,2,8,1,Yes,0,0,34
237000,4244,4,3,25,1,Yes,0,0,29
270000,5814,3,3,63,1,No,1,1,3
57000,825,2,1,45,1,No,0,0,41
124000,1870,3,2,5,1,No,1,0,125
95900,1088,2,1,18,2,No,0,0,31
1400000,6397,5,5,8,1,No,1,1,245
25000,1579,3,1,35,3,No,0,0,3
143500,2168,3,2,18,2,No,1,0,0
98500,1152,3,2,5,2,No,0,0,11
134300,2418,4,2,1,2,No,0,0,144
119900,1587,3,2,8,1,No,1,0,52
203900,2887,3,2,8,2,No,1,0,137
136000,2791,3,2,18,1,Yes,1,0,39
97500,1790,3,2,25,1,No,1,0,11
64900,971,2,1,45,2,No,0,0,176
122700,2087,3,2,1,2,No,0,0,1
95900,1088,2,1,18,2,No,0,0,1
254000,3122,4,3,8,1,No,1,0,33
196900,3018,3,2,2,1,No,1,0,186
184000,3594,4,2,18,1,No,1,0,68
111900,1615,3,2,8,2,No,0,0,192
109300,1886,3,2,1,2,No,0,0,143
134900,2403,3,2,25,1,No,1,0,80
128200,2379,3,2,1,2,No,0,0,149
125000,2451,3,2,63,2,No,0,0,1
89000,1588,3,2,25,2,No,0,0,101
107000,1705,3,2,1,2,No,0,0,33
110000,1806,3,2,18,1,No,1,0,36
72500,1500,4,1,45,2,No,0,0,30
270000,4561,4,3,8,2,No,1,0,442
290000,4215,4,3,8,1,No,1,0,58
344900,3972,4,2,5,1,No,1,0,128
116500,2297,3,2,25,1,No,1,0,12
93000,1602,4,2,45,2,No,0,0,248
95000,1801,3,2,45,1,No,1,0,97
125000,1606,3,2,25,1,No,1,0,56
340000,3631,3,3,18,1,No,1,0,386
63000,1386,3,1,25,2,No,0,0,70
600000,6119,4,4,63,1,No,1,0,256
119000,2095,3,2,25,1,No,1,0,32
130000,2172,3,2,18,1,No,1,0,25
144000,2389,3,2,13,2,No,1,0,35
125000,2092,3,2,2,1,No,1,0,2
95900,1088,2,1,18,3,No,0,0,34
143100,2214,3,2,1,2,No,1,0,224
149900,1408,2,2,2,2,Yes,0,0,0
98847,1228,2,2,25,2,No,1,0,168
127000,1931,3,2,13,2,No,1,0,151
114000,1937,3,2,2,1,No,0,0,88
124400,1848,3,2,8,1,No,1,0,176
315000,2802,4,4,35,1,No,1,0,41
71500,1765,3,2,45,2,No,0,0,154
267300,3481,4,2,2,1,No,1,0,60
135700,2418,4,2,1,2,No,0,0,47
133400,2418,4,2,1,2,No,0,0,0
132000,2013,3,2,2,1,No,1,0,6
116000,1395,2,2,18,2,No,1,0,41
181000,2616,4,2,1,1,No,1,0,42
118000,2042,3,2,5,2,No,1,0,45
295000,3729,4,3,8,1,No,1,0,47
51000,1744,4,1,45,2,No,0,0,9
182700,2527,3,2,1,2,No,1,0,90
161000,1380,3,2,80,2,No,1,0,10
100000,1713,3,2,18,2,Yes,0,0,4
205900,3460,4,3,8,1,No,1,0,40
118830,2130,3,2,35,2,No,0,0,12
100900,1514,3,2,8,1,No,0,0,11
418880,4146,4,3,1,2,No,0,0,0
142000,2060,3,2,18,1,No,1,0,56
610000,4935,3,3,8,1,Yes,1,1,99
142000,2280,4,2,1,2,No,1,0,420
152000,3143,4,2,25,1,No,1,0,78
93000,2332,2,2,25,1,No,0,0,66
239900,3538,4,3,8,1,No,1,0,115
124000,1912,3,2,18,1,No,1,0,7
190000,2628,3,3,45,1,No,1,0,7
100000,1500,2,1,63,3,No,0,0,3
175000,2948,4,2,25,1,No,1,0,94
188900,2813,3,2,13,2,No,1,0,10
99000,1200,3,2,25,2,No,0,0,107
422900,4601,5,3,8,1,Yes,1,0,29
207249,3390,4,2,1,2,No,1,0,223
139900,3266,3,2,25,2,No,1,0,8
55000,1130,2,2,25,1,No,0,0,34
100300,1745,3,1,35,1,No,0,0,11
1260000,7249,5,5,35,1,No,1,0,107
133800,2418,4,2,1,2,No,0,0,2
68000,1590,2,1,35,2,No,0,0,65
78900,1088,2,1,18,2,No,1,0,107
197000,3123,4,2,35,1,No,1,0,78
76000,1433,3,1,35,2,No,0,0,220
133000,2496,3,2,25,1,No,1,0,9
160000,2480,3,2,13,1,No,1,0,40
137900,1595,3,2,25,1,No,0,0,31
162000,3280,4,2,25,2,No,1,0,46
118000,2206,3,2,25,1,No,1,0,330
158000,3593,4,2,25,1,Yes,1,0,516
140000,1561,3,2,45,2,No,0,0,29
69000,1236,3,2,35,2,No,0,0,301
198000,2579,4,2,2,1,No,1,0,20
205900,3577,4,2,25,1,Yes,1,0,21
161900,2415,3,2,5,1,No,1,0,30
200000,3088,4,2,25,1,No,1,0,37
96000,1640,3,2,2,1,No,0,0,49
118650,1666,3,2,13,2,No,1,0,50
325000,3812,4,3,13,1,No,1,0,3
311000,3955,3,2,18,1,No,0,0,32
129000,2379,3,2,1,2,No,0,0,233
122000,1308,3,2,8,1,No,1,0,7
207255,2135,3,2,1,1,No,0,0,36
120459,1590,3,2,35,1,No,1,0,27
158500,3242,4,2,35,1,No,1,0,14
132600,2348,3,2,1,2,No,0,0,75
360000,5811,5,3,35,1,Yes,1,0,46
148000,1901,4,2,8,1,No,1,0,58
99000,1808,3,2,18,1,No,0,0,7
135000,3372,3,2,35,1,No,1,0,230
177000,2875,3,2,25,2,No,1,0,14
111500,2212,3,2,18,2,No,1,0,47
50000,735,2,1,35,2,No,0,0,79
266900,5140,3,3,8,1,No,1,0,89
126000,2301,3,2,25,1,No,1,0,15
144000,2669,4,2,35,1,No,1,0,71
195900,4000,4,3,8,2,Yes,1,1,77
118900,1719,3,2,2,1,No,1,0,43
157900,2827,3,2,1,2,No,0,0,122
147000,2124,3,2,2,1,No,1,0,30
129800,2348,3,2,1,2,No,0,0,0
95900,1088,2,1,18,3,No,0,0,79
236500,2751,3,2,63,2,No,1,0,28
95900,1088,2,1,18,2,No,0,0,32
212500,3453,3,2,13,1,No,1,0,2
242900,2866,4,3,1,2,No,1,0,301
154650,2211,3,2,1,2,No,1,0,1
67500,2419,3,2,25,2,No,0,0,0
127500,1478,3,2,25,2,No,1,0,35
187900,2768,4,2,1,2,No,1,0,221
186000,2940,3,2,35,1,No,1,0,36
198000,2932,4,3,2,1,No,1,0,63
295000,7790,5,3,18,1,No,1,0,119
240000,2848,4,3,13,1,Yes,1,1,133
128900,2770,4,2,45,2,No,0,0,26
119900,2490,3,2,35,1,No,0,0,135
315000,3200,4,4,2,1,No,1,0,52
117500,1979,3,2,8,1,No,1,0,22
132670,1855,2,2,1,2,No,0,0,0
290000,2824,3,2,25,1,No,1,0,73
48000,720,1,1,35,2,No,0,0,15
133800,2418,4,2,1,2,No,0,0,0
134000,2086,3,2,1,2,No,1,0,3
195000,2851,4,2,8,2,No,1,0,112
123000,2590,3,2,45,2,No,0,0,21
73000,915,3,1,25,2,Yes,0,0,120
95000,1826,3,2,25,1,No,1,0,174
108900,1755,3,2,8,1,No,1,0,5
228000,3005,4,3,2,1,No,1,1,156
360000,6213,4,5,25,1,Yes,1,0,418
185000,3479,4,2,35,1,No,1,0,76
125000,2367,3,2,25,2,No,1,0,85
318600,3600,4,3,1,2,No,1,1,118
130000,2905,3,2,25,2,No,0,0,17
119900,2363,3,2,25,1,No,0,0,19
1007000,7099,5,5,2,1,No,1,0,192
100200,1352,3,2,13,1,No,1,0,7
135900,1405,3,2,1,2,No,0,0,51
103500,1452,3,2,18,2,No,0,0,14
34000,1111,3,1,35,1,No,0,0,1
33000,1579,3,1,45,2,No,0,0,32
111800,1937,3,2,1,2,No,0,0,30
95900,1088,2,1,18,2,No,0,0,481
114000,1896,3,2,1,2,No,1,0,99
146000,1810,3,2,35,1,No,1,0,255
51000,1400,3,2,25,2,No,0,0,11
190000,3264,3,2,18,1,Yes,1,0,5
158900,2932,4,2,1,2,No,0,0,42
153900,2522,3,2,1,2,No,1,0,133
103000,1960,3,2,35,1,No,1,0,21
41500,1015,3,1,45,2,No,0,0,11
255000,3251,4,3,5,1,No,1,0,125
131000,2170,3,2,13,2,No,0,0,21
112000,1811,3,2,13,1,No,1,0,49
95900,1088,2,1,18,3,No,0,0,19
149000,2107,3,2,63,1,No,0,0,4
125000,2127,3,2,2,2,No,0,0,59
78000,1916,3,2,25,1,No,0,0,121
189900,1936,3,2,45,1,No,1,0,11
158500,3213,4,2,35,1,No,1,0,49
72000,1175,3,1,25,1,No,0,0,68
239900,3400,4,2,8,2,No,1,0,64
149500,2712,3,2,25,2,No,1,0,22
85000,1400,3,2,35,1,No,0,0,26
153000,2789,4,2,63,2,No,0,0,261
141000,2276,3,2,8,1,No,1,0,8
79900,1009,3,1,35,1,Yes,0,0,10
168075,2624,4,2,1,2,No,1,0,66
167500,2560,3,2,2,1,No,1,0,149
180000,2570,3,2,25,2,No,1,0,8
154000,3179,4,3,25,2,No,0,0,123
114000,3299,3,2,25,1,No,1,0,13
107900,2796,4,2,25,1,No,1,0,93
162000,1949,3,2,63,1,No,0,0,25
138900,2536,4,2,1,2,No,0,0,242
116900,1910,3,2,8,1,No,1,0,58
332000,3670,3,2,45,1,No,1,1,35
197500,3128,3,2,63,1,No,1,0,37
175000,3234,4,2,25,1,Yes,1,0,15
161000,2704,3,2,8,1,No,1,0,86
228000,3737,3,2,2,1,No,1,0,77
127820,2019,3,2,2,1,No,1,0,83
142000,2532,4,2,2,1,No,1,1,227
401000,5017,4,4,45,2,No,1,0,3
82300,1231,3,1,35,2,No,0,0,44
169000,2314,3,2,25,1,No,1,1,191
136000,2265,3,2,25,1,No,1,0,15
155000,1196,2,2,1,2,No,0,1,106
230000,5216,4,3,25,1,Yes,1,1,365
159691,2502,4,2,1,2,No,0,0,77
134900,2418,4,2,1,2,No,0,0,14
128000,1304,3,2,45,2,No,0,0,22
140000,2779,3,2,35,2,No,1,0,256
131900,2226,3,2,8,1,No,1,0,151
168000,2985,3,2,8,1,No,1,0,128
62000,1090,3,1,35,2,No,0,0,168
170000,2477,3,2,8,1,No,1,0,1
164000,2456,4,2,8,1,No,1,0,42
89000,1612,2,2,63,1,No,0,0,70
45000,1300,3,1,35,2,No,1,0,177
112000,1964,3,2,25,1,No,1,0,96
135000,2876,3,2,25,1,No,1,0,44
170000,2482,3,2,1,2,No,1,0,235
171000,1588,3,2,5,3,No,0,0,51
71000,1949,4,2,45,2,No,1,0,95
35500,1385,3,1,35,2,No,0,0,25
95900,1088,2,1,18,3,No,0,0,13
260000,3321,4,2,2,1,No,1,0,28
97900,2419,3,2,18,2,No,0,0,46
246000,3370,4,3,2,1,No,1,0,117
146000,2536,4,2,1,2,No,0,0,111
121500,1897,3,2,13,2,No,1,0,140
158900,2523,4,2,1,2,No,0,0,11
80500,1618,2,2,18,2,No,1,0,74
176900,2374,3,2,1,2,No,1,0,203
115500,2903,4,2,35,2,No,0,0,44
97500,1584,3,2,25,1,No,1,0,34
132000,2588,3,2,35,2,No,0,0,49
120000,1644,3,2,35,1,No,0,0,24
134200,2418,4,2,1,2,No,0,0,0
135000,2573,4,2,35,2,No,0,0,45
101313,1228,2,2,25,2,No,1,0,132
133000,1976,4,2,35,2,No,0,0,29
110000,1945,3,2,25,1,No,1,0,44
207100,1817,2,2,1,2,No,0,0,423
320000,4411,4,3,5,1,No,1,1,12
155000,2290,3,2,2,1,No,1,0,76
113500,1960,3,2,1,2,No,0,0,103
124000,2195,3,2,45,1,No,1,0,20
122100,2087,3,2,1,2,No,0,0,0
138900,2360,3,2,18,2,No,1,0,89
227500,3094,4,2,8,1,No,1,0,1
182500,3353,3,2,35,2,Yes,1,0,9
75000,2294,3,3,35,2,No,0,0,19
212000,2109,3,2,2,1,No,1,0,55
124900,2917,3,2,25,1,No,1,0,5
167900,2370,3,2,1,2,No,1,0,257
129000,1907,3,2,25,1,No,1,0,28
126600,2348,3,2,1,2,No,0,0,0
75000,1594,3,1,35,1,No,0,0,177
140000,2099,3,2,8,1,No,1,0,31
45000,1130,3,1,35,2,No,1,0,74
214000,3122,4,2,13,1,No,1,0,34
85000,1421,3,1,25,1,No,0,0,42
129500,2246,3,2,2,1,No,1,0,150
22000,1414,3,1,35,2,No,0,0,279
208000,3157,3,2,18,1,No,1,0,21
125000,2238,3,2,18,1,No,1,1,27
132000,1873,3,2,1,2,No,1,0,163
94000,1913,2,2,25,1,No,1,0,165
73500,1266,3,1,35,2,No,0,0,25
369250,4075,4,3,1,2,No,1,1,137
92000,1346,3,2,18,2,No,0,0,31
94900,1088,2,1,18,2,No,0,0,34
95000,1605,3,2,35,2,No,0,0,115
94900,1088,2,1,18,3,No,0,0,17
108000,2461,3,3,25,1,Yes,0,0,51
169500,2482,3,2,1,1,No,1,0,0
118000,2492,3,2,18,1,No,1,0,17
155000,1196,2,2,1,2,No,0,1,106
55500,810,3,1,35,2,No,0,0,27
95900,1088,2,1,18,3,No,0,0,19
164300,2980,4,2,1,2,No,0,0,134
227500,3262,4,2,8,1,No,1,0,53
150000,3425,4,2,35,1,No,1,1,7
140000,1400,2,2,1,2,No,0,1,106
109000,1608,3,1,45,2,No,0,0,110
172500,3310,3,2,45,1,No,1,0,155
154600,2932,4,2,1,2,No,0,0,221
106500,2019,4,1,25,3,No,0,0,21
42000,1370,3,1,35,2,No,0,0,49
167000,2696,4,2,13,1,No,0,0,174
115000,1998,3,2,5,2,No,1,0,14
97500,1358,3,2,25,1,No,1,0,35
135900,2137,3,2,1,2,No,1,0,129
69000,1364,3,1,45,2,No,0,0,7
159850,2376,4,2,1,2,No,1,1,241
150000,2523,3,2,25,1,No,1,0,31
133800,2418,4,2,1,2,No,0,0,0
106000,1843,3,2,8,2,No,1,0,5
129400,2182,3,2,1,2,No,0,0,209
145000,1196,2,2,1,2,No,1,1,106
360000,4605,4,3,5,1,No,1,0,78
101900,1892,3,2,35,2,No,1,0,124
95900,1088,2,1,18,3,No,0,0,51
133000,2886,3,2,45,2,No,1,0,68
135000,1914,3,2,2,1,No,0,0,35
150000,2680,3,2,25,1,Yes,1,0,9
125000,2430,3,2,25,1,No,0,0,19
94900,1088,2,1,18,3,No,0,0,29
160500,2305,4,2,2,1,No,1,0,124
161500,2302,3,2,8,1,No,1,0,28
106000,1510,3,2,18,2,No,1,0,21
272000,3366,4,3,1,2,No,1,0,26
315000,3835,3,2,63,2,No,1,0,48
175000,2469,3,2,8,2,No,1,0,19
164900,2669,4,2,25,1,No,1,0,9
86000,2037,3,2,35,1,No,0,0,26
235000,3964,3,2,8,1,No,1,0,15
64900,1970,4,1,35,2,No,1,0,70
98900,1228,2,2,25,3,No,1,0,123
149000,2967,4,3,13,1,Yes,1,0,62
190000,2635,4,2,8,1,No,1,1,70
51500,1700,3,2,35,2,No,0,0,13
214000,3041,3,2,2,1,No,1,0,70
93300,1501,3,1,35,2,No,0,0,10
61500,1763,3,1,35,2,No,0,1,95
147000,2126,3,2,45,1,No,1,0,66
77500,1330,3,1,25,2,No,0,0,28
127000,2009,3,2,35,1,No,1,0,112
98000,1680,3,1,35,1,No,0,0,70
133000,2418,4,2,1,2,No,0,0,0
188000,3125,3,2,8,1,No,1,0,10
91500,1341,3,1,18,1,No,0,0,6
52900,1482,3,1,45,2,No,0,0,21
138000,2630,4,2,13,2,No,0,0,126
82500,1656,2,2,25,1,No,1,0,6
182000,1751,3,2,5,1,No,1,1,79
181900,2985,4,2,1,2,No,0,0,0
35000,1714,3,1,35,2,No,1,0,33
248840,2820,4,3,1,2,No,1,0,365
118000,2978,4,2,25,2,No,1,0,55
172600,3594,4,3,13,2,No,1,0,48
169900,1943,2,2,1,2,No,1,0,402
120000,1684,3,2,18,1,No,1,0,10
225000,3137,4,2,5,1,No,1,0,169
131000,2122,3,2,2,2,No,0,0,21
118750,2215,3,2,13,2,No,1,0,10
114000,2193,4,2,45,2,No,1,0,26
196900,2642,4,2,8,1,No,1,0,80
103500,1483,3,2,18,1,No,0,0,71
23000,933,2,1,45,2,No,0,0,3
263000,3682,3,2,13,1,No,1,0,8
108000,1681,3,2,5,1,No,1,1,4
115900,1700,3,2,2,1,No,1,1,4
105900,1655,3,2,5,1,No,0,0,7
110000,2739,5,3,35,1,No,0,0,15
108000,2418,3,2,13,1,No,1,0,7
735000,5582,4,3,13,1,No,1,0,187
103000,2827,3,2,35,1,No,0,0,67
540000,5138,4,3,8,1,Yes,1,0,12
157900,2462,3,2,1,2,No,1,0,221
142900,1995,3,2,8,1,Yes,1,0,49
170000,2244,3,2,8,1,No,1,0,23
159900,1722,3,2,1,2,No,0,1,1
118900,1872,4,2,25,1,No,0,0,8
98400,2037,3,2,25,1,No,0,0,26
119000,1350,3,2,8,2,No,1,0,47
168500,2201,3,2,8,1,No,1,0,30
109900,1860,3,2,35,1,No,0,0,0
59500,1160,2,2,18,2,No,1,0,345
142500,2247,3,2,8,1,No,1,0,49
105000,1368,3,2,5,1,No,1,0,35
95900,1088,2,1,18,3,No,0,0,3
284000,3558,4,3,2,1,No,1,0,2
95900,1088,2,1,18,3,No,0,0,6
149900,2486,3,2,18,1,No,0,0,7
187400,2226,4,2,2,1,No,1,0,67
244500,2937,4,3,2,1,No,1,1,108
193500,3438,4,2,13,2,No,1,0,318
160500,3040,4,2,1,2,No,0,0,142
184700,3279,4,2,25,1,Yes,1,0,40
210000,2437,3,2,8,1,Yes,1,0,10
199000,2027,4,2,8,1,No,1,0,14
99000,2278,3,1,45,1,No,0,0,8
136000,2210,4,3,25,2,No,0,0,196
113000,2076,2,2,25,1,Yes,1,1,28
128800,1498,4,2,8,2,Yes,1,0,51
78000,1396,4,1,45,2,No,0,0,114
93900,1500,3,2,25,2,No,0,0,27
134000,2428,3,2,2,1,No,1,0,117
105000,2311,3,2,35,1,No,0,0,89
127000,1862,3,2,8,1,No,1,1,29
120000,2433,3,2,35,1,No,1,0,1
254250,4222,4,3,25,1,No,1,0,20
106000,2163,3,2,25,3,No,0,0,12
57000,1393,3,1,35,2,No,0,0,90
89000,1591,3,2,35,1,No,0,0,51
90500,1628,3,2,35,2,No,1,0,28
110000,1819,3,2,35,2,No,0,0,5
119900,2645,3,1,35,1,No,1,0,7
111900,1933,3,2,1,2,No,0,0,0
52000,960,3,1,35,2,No,0,0,19
213500,2815,3,2,5,2,No,1,0,66
307000,4341,4,3,13,1,Yes,1,0,9
95900,1088,2,1,18,3,No,0,0,53
81500,1119,3,1,35,1,No,1,0,49
286000,3010,4,2,1,2,No,1,0,51
220000,3380,3,3,13,1,Yes,1,0,14
149900,3040,4,2,35,2,No,1,0,138
120000,1955,2,1,63,1,No,1,0,9
165500,2181,3,2,2,1,No,1,0,4
268900,3557,4,3,1,2,No,1,0,76
84500,1162,3,1,25,1,No,0,0,43
124500,2255,3,2,18,1,No,1,0,180
185000,2495,3,2,18,1,No,1,0,68
72190,1349,3,2,35,1,No,0,0,25
225000,2591,3,3,13,2,Yes,1,0,30
110050,2084,3,2,2,2,No,1,0,12
149900,2842,4,2,1,2,No,0,0,297
116500,2518,4,2,25,2,No,1,0,8
95900,1088,2,1,18,3,No,0,0,47
109900,1875,2,2,25,2,No,1,0,12
110500,1964,3,1,25,1,No,1,0,257
100000,1556,3,1,1,2,No,0,0,36
133000,1934,3,2,1,2,No,1,0,463
80000,2176,4,2,63,1,No,0,0,19
165800,2980,4,2,1,2,No,0,0,126
210000,3069,4,2,8,1,No,1,0,50
106000,1557,3,2,8,2,No,1,0,61
150900,2458,3,2,1,2,No,0,0,239
90900,1337,3,1,25,1,No,1,0,121
185000,4599,5,3,13,2,Yes,1,0,293
233500,3166,3,2,25,3,Yes,1,1,71
178000,2432,4,2,25,1,No,1,0,45
158000,2205,3,2,1,1,No,1,0,112
150000,1900,3,2,25,2,Yes,1,0,31
60000,1383,3,2,25,2,No,1,0,14
123000,1484,3,2,18,1,No,1,0,20
400000,3133,4,3,8,1,No,1,0,51
154600,2932,4,2,1,2,No,0,0,0
105000,1962,3,2,18,2,No,1,0,16
380000,4327,5,3,5,2,No,1,0,71
268600,3327,4,3,2,1,No,1,0,122
113100,1933,3,2,1,2,No,0,0,119
60000,1131,3,1,63,3,No,0,0,0
101500,1910,2,2,25,2,No,0,0,77
119900,2282,3,2,25,2,No,1,0,25
228500,2737,5,3,2,1,No,1,0,133
148500,2135,3,2,25,1,No,1,0,48
77400,1088,2,1,18,2,No,1,0,106
75000,1617,3,2,5,2,No,0,0,40
80500,1334,3,1,35,2,No,0,0,11
75200,975,2,2,18,2,No,1,0,115
133800,2418,4,2,1,2,No,0,0,0
146280,2370,3,2,2,2,No,1,0,70
128900,1851,3,2,8,2,No,1,0,13
135000,1189,2,1,63,2,No,0,0,26
320000,4500,4,2,18,1,No,1,0,57
89900,1393,3,1,45,1,No,0,0,43
330000,4249,5,3,8,2,Yes,1,0,41
169900,2595,3,2,8,1,No,1,1,4
94900,1420,3,2,1,2,No,0,0,9
194900,3010,4,2,1,2,No,0,0,114
161000,2420,3,2,1,2,No,1,1,447
177500,3070,4,3,25,1,Yes,1,0,91
209900,2879,4,2,1,2,No,1,0,121
95900,1088,2,1,18,3,No,0,0,43
103000,3153,3,2,35,2,No,1,0,46
100000,1241,2,2,25,2,No,1,0,94
117000,2320,3,2,25,2,No,0,0,84
160000,2081,3,2,8,1,No,1,1,66
125000,2071,3,2,13,1,No,1,0,16
77900,1108,2,1,18,2,No,0,0,144
136000,2024,3,2,5,2,No,1,1,10
102000,1172,2,2,18,3,No,1,0,28
156900,2815,3,2,35,1,Yes,0,0,18
81900,1404,3,2,45,1,No,0,0,32
102565,2890,3,2,25,1,Yes,1,0,15
136400,2534,3,2,25,1,No,1,0,130
142500,2693,3,2,8,2,No,1,0,9
147000,2040,3,2,25,1,No,0,0,19
180000,1537,3,2,45,2,No,1,0,23
72200,1419,3,2,35,1,No,0,0,4
103500,2565,3,2,18,1,No,0,0,134
82900,1400,3,2,35,2,No,0,0,0
103100,1772,3,2,1,2,No,0,0,0
105000,1927,3,2,25,2,No,0,0,93
172000,2268,3,2,8,1,No,0,0,11
110000,2005,3,2,25,1,No,0,0,71
129800,2348,3,2,1,2,No,0,0,0
204200,2505,3,2,1,2,No,1,0,187
115000,2447,3,2,35,2,Yes,0,0,7
175900,3116,5,3,1,2,No,0,0,0
124000,2136,3,2,80,1,No,1,0,154
82725,1062,3,2,1,2,No,0,0,115
77900,1108,2,1,18,2,No,0,0,144
116000,2453,3,2,25,1,No,1,0,52
94900,1088,2,1,18,2,No,0,0,32
176700,3031,5,3,45,1,No,0,0,101
219000,2918,3,3,63,2,No,1,0,263
286000,3159,4,3,1,2,No,1,0,30
201700,2856,4,3,1,2,No,1,1,316
24000,838,2,1,45,2,No,0,0,8
130000,2051,3,2,25,1,No,0,0,31
172000,2603,3,2,8,1,No,1,0,126
182000,2777,4,2,1,2,No,1,0,221
